--------------------------------------------------------
-- Archivo creado  - jueves-junio-30-2022   
--------------------------------------------------------
--------------------------------------------------------
--  DDL for Table WEBCAOSNEWS_NOTICIAS
--------------------------------------------------------

  CREATE TABLE "CAOSNEWS"."WEBCAOSNEWS_NOTICIAS" 
   (	"ID" NUMBER(19,0) GENERATED BY DEFAULT ON NULL AS IDENTITY MINVALUE 1 MAXVALUE 9999999999999999999999999999 INCREMENT BY 1 START WITH 1 CACHE 20 NOORDER  NOCYCLE  NOKEEP  NOSCALE , 
	"USUARIO" NVARCHAR2(60), 
	"AUTOR" NVARCHAR2(80), 
	"TITULO" NVARCHAR2(100), 
	"PORTADA" NVARCHAR2(100), 
	"CATEGORIA_ID" NUMBER(19,0), 
	"UBICACION_ID" NUMBER(11,0), 
	"CONTENIDO" NCLOB, 
	"ETIQUETAS" NVARCHAR2(150), 
	"FECHA" DATE, 
	"APROBADA" NUMBER(1,0), 
	"COMENTARIO" NCLOB
   ) SEGMENT CREATION IMMEDIATE 
  PCTFREE 10 PCTUSED 40 INITRANS 1 MAXTRANS 255 
 NOCOMPRESS LOGGING
  STORAGE(INITIAL 65536 NEXT 1048576 MINEXTENTS 1 MAXEXTENTS 2147483645
  PCTINCREASE 0 FREELISTS 1 FREELIST GROUPS 1
  BUFFER_POOL DEFAULT FLASH_CACHE DEFAULT CELL_FLASH_CACHE DEFAULT)
  TABLESPACE "USERS" 
 LOB ("CONTENIDO") STORE AS SECUREFILE (
  TABLESPACE "USERS" ENABLE STORAGE IN ROW 4000 CHUNK 8192
  NOCACHE LOGGING  NOCOMPRESS  KEEP_DUPLICATES 
  STORAGE(INITIAL 262144 NEXT 1048576 MINEXTENTS 1 MAXEXTENTS 2147483645
  PCTINCREASE 0
  BUFFER_POOL DEFAULT FLASH_CACHE DEFAULT CELL_FLASH_CACHE DEFAULT)) 
 LOB ("COMENTARIO") STORE AS SECUREFILE (
  TABLESPACE "USERS" ENABLE STORAGE IN ROW 4000 CHUNK 8192
  NOCACHE LOGGING  NOCOMPRESS  KEEP_DUPLICATES 
  STORAGE(INITIAL 262144 NEXT 1048576 MINEXTENTS 1 MAXEXTENTS 2147483645
  PCTINCREASE 0
  BUFFER_POOL DEFAULT FLASH_CACHE DEFAULT CELL_FLASH_CACHE DEFAULT)) ;
--------------------------------------------------------
--  DDL for Table WEBCAOSNEWS_REGIONES
--------------------------------------------------------

  CREATE TABLE "CAOSNEWS"."WEBCAOSNEWS_REGIONES" 
   (	"ID_REGION" NUMBER(11,0) GENERATED BY DEFAULT ON NULL AS IDENTITY MINVALUE 1 MAXVALUE 9999999999999999999999999999 INCREMENT BY 1 START WITH 1 CACHE 20 NOORDER  NOCYCLE  NOKEEP  NOSCALE , 
	"NOMBRE_REGION" NVARCHAR2(50)
   ) SEGMENT CREATION IMMEDIATE 
  PCTFREE 10 PCTUSED 40 INITRANS 1 MAXTRANS 255 
 NOCOMPRESS LOGGING
  STORAGE(INITIAL 65536 NEXT 1048576 MINEXTENTS 1 MAXEXTENTS 2147483645
  PCTINCREASE 0 FREELISTS 1 FREELIST GROUPS 1
  BUFFER_POOL DEFAULT FLASH_CACHE DEFAULT CELL_FLASH_CACHE DEFAULT)
  TABLESPACE "USERS" ;
--------------------------------------------------------
--  DDL for Table WEBCAOSNEWS_IMAGENNOTICIA
--------------------------------------------------------

  CREATE TABLE "CAOSNEWS"."WEBCAOSNEWS_IMAGENNOTICIA" 
   (	"ID" NUMBER(19,0) GENERATED BY DEFAULT ON NULL AS IDENTITY MINVALUE 1 MAXVALUE 9999999999999999999999999999 INCREMENT BY 1 START WITH 1 CACHE 20 NOORDER  NOCYCLE  NOKEEP  NOSCALE , 
	"IMAGEN" NVARCHAR2(100), 
	"NOTICIA_ID" NUMBER(19,0)
   ) SEGMENT CREATION IMMEDIATE 
  PCTFREE 10 PCTUSED 40 INITRANS 1 MAXTRANS 255 
 NOCOMPRESS LOGGING
  STORAGE(INITIAL 65536 NEXT 1048576 MINEXTENTS 1 MAXEXTENTS 2147483645
  PCTINCREASE 0 FREELISTS 1 FREELIST GROUPS 1
  BUFFER_POOL DEFAULT FLASH_CACHE DEFAULT CELL_FLASH_CACHE DEFAULT)
  TABLESPACE "USERS" ;
--------------------------------------------------------
--  DDL for Table WEBCAOSNEWS_CONTACTO
--------------------------------------------------------

  CREATE TABLE "CAOSNEWS"."WEBCAOSNEWS_CONTACTO" 
   (	"ID" NUMBER(19,0) GENERATED BY DEFAULT ON NULL AS IDENTITY MINVALUE 1 MAXVALUE 9999999999999999999999999999 INCREMENT BY 1 START WITH 1 CACHE 20 NOORDER  NOCYCLE  NOKEEP  NOSCALE , 
	"PNOMBRE" NVARCHAR2(50), 
	"APPATERNO" NVARCHAR2(50), 
	"EMAIL" NVARCHAR2(254), 
	"TELEFONO" NVARCHAR2(128), 
	"MENSAJE" NCLOB, 
	"ARCHIVO" NVARCHAR2(100)
   ) SEGMENT CREATION DEFERRED 
  PCTFREE 10 PCTUSED 40 INITRANS 1 MAXTRANS 255 
 NOCOMPRESS LOGGING
  TABLESPACE "USERS" 
 LOB ("MENSAJE") STORE AS SECUREFILE (
  TABLESPACE "USERS" ENABLE STORAGE IN ROW 4000 CHUNK 8192
  NOCACHE LOGGING  NOCOMPRESS  KEEP_DUPLICATES ) ;
--------------------------------------------------------
--  DDL for Table WEBCAOSNEWS_CATEGORIA
--------------------------------------------------------

  CREATE TABLE "CAOSNEWS"."WEBCAOSNEWS_CATEGORIA" 
   (	"ID" NUMBER(19,0) GENERATED BY DEFAULT ON NULL AS IDENTITY MINVALUE 1 MAXVALUE 9999999999999999999999999999 INCREMENT BY 1 START WITH 1 CACHE 20 NOORDER  NOCYCLE  NOKEEP  NOSCALE , 
	"NOMBRE" NVARCHAR2(50)
   ) SEGMENT CREATION IMMEDIATE 
  PCTFREE 10 PCTUSED 40 INITRANS 1 MAXTRANS 255 
 NOCOMPRESS LOGGING
  STORAGE(INITIAL 65536 NEXT 1048576 MINEXTENTS 1 MAXEXTENTS 2147483645
  PCTINCREASE 0 FREELISTS 1 FREELIST GROUPS 1
  BUFFER_POOL DEFAULT FLASH_CACHE DEFAULT CELL_FLASH_CACHE DEFAULT)
  TABLESPACE "USERS" ;
--------------------------------------------------------
--  DDL for Table WEBCAOSNEWS_AREA
--------------------------------------------------------

  CREATE TABLE "CAOSNEWS"."WEBCAOSNEWS_AREA" 
   (	"ID_AREA" NUMBER(11,0) GENERATED BY DEFAULT ON NULL AS IDENTITY MINVALUE 1 MAXVALUE 9999999999999999999999999999 INCREMENT BY 1 START WITH 1 CACHE 20 NOORDER  NOCYCLE  NOKEEP  NOSCALE , 
	"NAME" NVARCHAR2(50)
   ) SEGMENT CREATION IMMEDIATE 
  PCTFREE 10 PCTUSED 40 INITRANS 1 MAXTRANS 255 
 NOCOMPRESS LOGGING
  STORAGE(INITIAL 65536 NEXT 1048576 MINEXTENTS 1 MAXEXTENTS 2147483645
  PCTINCREASE 0 FREELISTS 1 FREELIST GROUPS 1
  BUFFER_POOL DEFAULT FLASH_CACHE DEFAULT CELL_FLASH_CACHE DEFAULT)
  TABLESPACE "USERS" ;
--------------------------------------------------------
--  DDL for Table AUTH_USER_GROUPS
--------------------------------------------------------

  CREATE TABLE "CAOSNEWS"."AUTH_USER_GROUPS" 
   (	"ID" NUMBER(19,0) GENERATED BY DEFAULT ON NULL AS IDENTITY MINVALUE 1 MAXVALUE 9999999999999999999999999999 INCREMENT BY 1 START WITH 1 CACHE 20 NOORDER  NOCYCLE  NOKEEP  NOSCALE , 
	"USER_ID" NUMBER(11,0), 
	"GROUP_ID" NUMBER(11,0)
   ) SEGMENT CREATION IMMEDIATE 
  PCTFREE 10 PCTUSED 40 INITRANS 1 MAXTRANS 255 
 NOCOMPRESS LOGGING
  STORAGE(INITIAL 65536 NEXT 1048576 MINEXTENTS 1 MAXEXTENTS 2147483645
  PCTINCREASE 0 FREELISTS 1 FREELIST GROUPS 1
  BUFFER_POOL DEFAULT FLASH_CACHE DEFAULT CELL_FLASH_CACHE DEFAULT)
  TABLESPACE "USERS" ;
REM INSERTING into CAOSNEWS.WEBCAOSNEWS_NOTICIAS
SET DEFINE OFF;
Insert into CAOSNEWS.WEBCAOSNEWS_NOTICIAS (ID,USUARIO,AUTOR,TITULO,PORTADA,CATEGORIA_ID,UBICACION_ID,ETIQUETAS,FECHA,APROBADA) values ('15','admin','Administrador','Uno de los grandes de Inglaterra buscaría fichar a Ben Brereton','fotos/2022/06/23/ben-brereton_380514_1_62acb2c36051f.jpg','4','16','Deportes,Premier League,Ben Brereton',to_date('23/06/22','DD/MM/RR'),'1');
Insert into CAOSNEWS.WEBCAOSNEWS_NOTICIAS (ID,USUARIO,AUTOR,TITULO,PORTADA,CATEGORIA_ID,UBICACION_ID,ETIQUETAS,FECHA,APROBADA) values ('16','admin','Administrador','Alcaldes se suman a críticas por adelanto de vacaciones de invierno','fotos/2022/06/27/_381432_1_62b9eaaf3a81c.jpg','1','1','Escolares, Vacaciones de Invierno',to_date('27/06/22','DD/MM/RR'),'1');
Insert into CAOSNEWS.WEBCAOSNEWS_NOTICIAS (ID,USUARIO,AUTOR,TITULO,PORTADA,CATEGORIA_ID,UBICACION_ID,ETIQUETAS,FECHA,APROBADA) values ('17','admin','Administrador','Minsal detalla síntomas más recurrentes de viruela del mono','fotos/2022/06/27/_381440_1_62ba19e5dbdf6.jpg','1','1','Salud,viruela del mono',to_date('27/06/22','DD/MM/RR'),'1');
Insert into CAOSNEWS.WEBCAOSNEWS_NOTICIAS (ID,USUARIO,AUTOR,TITULO,PORTADA,CATEGORIA_ID,UBICACION_ID,ETIQUETAS,FECHA,APROBADA) values ('18','admin','Administrador','Alineación planetaria: Este es el día para ver el evento astronómico','fotos/2022/06/27/_380545_4_62acc8ebbc893.jpg','2','16','Astronomía',to_date('27/06/22','DD/MM/RR'),'1');
Insert into CAOSNEWS.WEBCAOSNEWS_NOTICIAS (ID,USUARIO,AUTOR,TITULO,PORTADA,CATEGORIA_ID,UBICACION_ID,ETIQUETAS,FECHA,APROBADA) values ('19','admin','Administrador','"El mundo está horrorizado": Estados Unidos condena ataque ruso con misil a centro comercial ucrania','fotos/2022/06/27/_381435_2_62b9f882d07d7.jpg','2','16','Conflicto Rusia Ucrania',to_date('27/06/22','DD/MM/RR'),'0');
Insert into CAOSNEWS.WEBCAOSNEWS_NOTICIAS (ID,USUARIO,AUTOR,TITULO,PORTADA,CATEGORIA_ID,UBICACION_ID,ETIQUETAS,FECHA,APROBADA) values ('20','admin','Administrador','"Qué frágil es la vida": Leo Rey lamenta la muerte de su amigo youtuber y gamer Lad Cobra','fotos/2022/06/27/_381292_3_62b65adbd8f1d.jpg','1','1','Tendencias,Famosos chilenos',to_date('27/06/22','DD/MM/RR'),'0');
Insert into CAOSNEWS.WEBCAOSNEWS_NOTICIAS (ID,USUARIO,AUTOR,TITULO,PORTADA,CATEGORIA_ID,UBICACION_ID,ETIQUETAS,FECHA,APROBADA) values ('21','admin','Administrador','FIFA eleva a 26 futbolistas la nómina de convocados por selección para el Mundial de Catar 2022','fotos/2022/06/27/uytkyktu78r.jpg','4','16','Deportes,FIFA,Mundial FIFA Catar 2022',to_date('27/06/22','DD/MM/RR'),'0');
Insert into CAOSNEWS.WEBCAOSNEWS_NOTICIAS (ID,USUARIO,AUTOR,TITULO,PORTADA,CATEGORIA_ID,UBICACION_ID,ETIQUETAS,FECHA,APROBADA) values ('22','admin','Administrador','Convención aprueba solo un párrafo del preámbulo de la nueva Constitución','fotos/2022/06/23/preambulo-nueva-constitucion_381110_2_62b4a7fc1b73a.jpg','3','1','Crisis Social, Nueva Constitución,Convención Constitucional',to_date('23/06/22','DD/MM/RR'),'1');
Insert into CAOSNEWS.WEBCAOSNEWS_NOTICIAS (ID,USUARIO,AUTOR,TITULO,PORTADA,CATEGORIA_ID,UBICACION_ID,ETIQUETAS,FECHA,APROBADA) values ('23','admin','Administrador','Dólar imparable supera los $900: sigue en directo el valor de la moneda norteamericana','fotos/2022/06/23/valor-dolar-hoy_381062_2_62b476a2b62f8.jpg','1','1','Valor Dólar',to_date('23/06/22','DD/MM/RR'),'1');
Insert into CAOSNEWS.WEBCAOSNEWS_NOTICIAS (ID,USUARIO,AUTOR,TITULO,PORTADA,CATEGORIA_ID,UBICACION_ID,ETIQUETAS,FECHA,APROBADA) values ('24','admin','Administrador','"Venga a buscar a su hijo porque está muerto": investigan deceso de joven militar','fotos/2022/06/23/matias-ezequiel-chirino_381044_1_62b45a5de0e55.jpg','2','16','Argentina',to_date('23/06/22','DD/MM/RR'),'1');
Insert into CAOSNEWS.WEBCAOSNEWS_NOTICIAS (ID,USUARIO,AUTOR,TITULO,PORTADA,CATEGORIA_ID,UBICACION_ID,ETIQUETAS,FECHA,APROBADA) values ('25','admin','Administrador','Mujer que ayudó a enfermera que fue apuñalada espera encontrarse nuevamente con ella','fotos/2022/06/30/381711_3_62be006f75d3f.jpg','1','1','Nacional',to_date('30/06/22','DD/MM/RR'),'0');
REM INSERTING into CAOSNEWS.WEBCAOSNEWS_REGIONES
SET DEFINE OFF;
Insert into CAOSNEWS.WEBCAOSNEWS_REGIONES (ID_REGION,NOMBRE_REGION) values ('1','Región Metropolitana de Santiago');
Insert into CAOSNEWS.WEBCAOSNEWS_REGIONES (ID_REGION,NOMBRE_REGION) values ('2','Región de Tarapacá');
Insert into CAOSNEWS.WEBCAOSNEWS_REGIONES (ID_REGION,NOMBRE_REGION) values ('3','Región de Antofagasta');
Insert into CAOSNEWS.WEBCAOSNEWS_REGIONES (ID_REGION,NOMBRE_REGION) values ('4','Región de Atacama');
Insert into CAOSNEWS.WEBCAOSNEWS_REGIONES (ID_REGION,NOMBRE_REGION) values ('5','Región de Coquimbo');
Insert into CAOSNEWS.WEBCAOSNEWS_REGIONES (ID_REGION,NOMBRE_REGION) values ('6','Región de Valparaíso');
Insert into CAOSNEWS.WEBCAOSNEWS_REGIONES (ID_REGION,NOMBRE_REGION) values ('7','Región del Libertador Bernardo O''Higgins');
Insert into CAOSNEWS.WEBCAOSNEWS_REGIONES (ID_REGION,NOMBRE_REGION) values ('8','Región del Maule');
Insert into CAOSNEWS.WEBCAOSNEWS_REGIONES (ID_REGION,NOMBRE_REGION) values ('9','Región del Bío Bío');
Insert into CAOSNEWS.WEBCAOSNEWS_REGIONES (ID_REGION,NOMBRE_REGION) values ('10','Región de la Araucanía');
Insert into CAOSNEWS.WEBCAOSNEWS_REGIONES (ID_REGION,NOMBRE_REGION) values ('11','Región de los Lagos');
Insert into CAOSNEWS.WEBCAOSNEWS_REGIONES (ID_REGION,NOMBRE_REGION) values ('12','Región de Aysén del General Carlos Ibáñez');
Insert into CAOSNEWS.WEBCAOSNEWS_REGIONES (ID_REGION,NOMBRE_REGION) values ('13','Región de Magallanes y la Antártica Chilena');
Insert into CAOSNEWS.WEBCAOSNEWS_REGIONES (ID_REGION,NOMBRE_REGION) values ('14','Región de Los Ríos');
Insert into CAOSNEWS.WEBCAOSNEWS_REGIONES (ID_REGION,NOMBRE_REGION) values ('15','Región de Arica-Parinacota');
Insert into CAOSNEWS.WEBCAOSNEWS_REGIONES (ID_REGION,NOMBRE_REGION) values ('16','Internacional');
REM INSERTING into CAOSNEWS.WEBCAOSNEWS_IMAGENNOTICIA
SET DEFINE OFF;
Insert into CAOSNEWS.WEBCAOSNEWS_IMAGENNOTICIA (ID,IMAGEN,NOTICIA_ID) values ('15','fotos/2022/06/30/enfermera-apunalada_381422_2_62b9b0dd6be96.jpg','25');
Insert into CAOSNEWS.WEBCAOSNEWS_IMAGENNOTICIA (ID,IMAGEN,NOTICIA_ID) values ('16','fotos/2022/06/30/E6W56KKKL5FZRKIEMYRHKPDJAA.webp','25');
REM INSERTING into CAOSNEWS.WEBCAOSNEWS_CONTACTO
SET DEFINE OFF;
REM INSERTING into CAOSNEWS.WEBCAOSNEWS_CATEGORIA
SET DEFINE OFF;
Insert into CAOSNEWS.WEBCAOSNEWS_CATEGORIA (ID,NOMBRE) values ('1','Nacional');
Insert into CAOSNEWS.WEBCAOSNEWS_CATEGORIA (ID,NOMBRE) values ('2','Mundo');
Insert into CAOSNEWS.WEBCAOSNEWS_CATEGORIA (ID,NOMBRE) values ('3','Política');
Insert into CAOSNEWS.WEBCAOSNEWS_CATEGORIA (ID,NOMBRE) values ('4','Deportes');
REM INSERTING into CAOSNEWS.WEBCAOSNEWS_AREA
SET DEFINE OFF;
Insert into CAOSNEWS.WEBCAOSNEWS_AREA (ID_AREA,NAME) values ('1','Nacional');
Insert into CAOSNEWS.WEBCAOSNEWS_AREA (ID_AREA,NAME) values ('2','Mundo');
Insert into CAOSNEWS.WEBCAOSNEWS_AREA (ID_AREA,NAME) values ('3','Política');
Insert into CAOSNEWS.WEBCAOSNEWS_AREA (ID_AREA,NAME) values ('4','Deportes');
REM INSERTING into CAOSNEWS.AUTH_USER_GROUPS
SET DEFINE OFF;
Insert into CAOSNEWS.AUTH_USER_GROUPS (ID,USER_ID,GROUP_ID) values ('1','1','1');
--------------------------------------------------------
--  DDL for Index SYS_C009840
--------------------------------------------------------

  CREATE UNIQUE INDEX "CAOSNEWS"."SYS_C009840" ON "CAOSNEWS"."WEBCAOSNEWS_NOTICIAS" ("ID") 
  PCTFREE 10 INITRANS 2 MAXTRANS 255 COMPUTE STATISTICS 
  STORAGE(INITIAL 65536 NEXT 1048576 MINEXTENTS 1 MAXEXTENTS 2147483645
  PCTINCREASE 0 FREELISTS 1 FREELIST GROUPS 1
  BUFFER_POOL DEFAULT FLASH_CACHE DEFAULT CELL_FLASH_CACHE DEFAULT)
  TABLESPACE "USERS" ;
--------------------------------------------------------
--  DDL for Index WEBCAOSNEW_CATEGORIA__D2732284
--------------------------------------------------------

  CREATE INDEX "CAOSNEWS"."WEBCAOSNEW_CATEGORIA__D2732284" ON "CAOSNEWS"."WEBCAOSNEWS_NOTICIAS" ("CATEGORIA_ID") 
  PCTFREE 10 INITRANS 2 MAXTRANS 255 COMPUTE STATISTICS 
  STORAGE(INITIAL 65536 NEXT 1048576 MINEXTENTS 1 MAXEXTENTS 2147483645
  PCTINCREASE 0 FREELISTS 1 FREELIST GROUPS 1
  BUFFER_POOL DEFAULT FLASH_CACHE DEFAULT CELL_FLASH_CACHE DEFAULT)
  TABLESPACE "USERS" ;
--------------------------------------------------------
--  DDL for Index WEBCAOSNEW_UBICACION__3BD79CD0
--------------------------------------------------------

  CREATE INDEX "CAOSNEWS"."WEBCAOSNEW_UBICACION__3BD79CD0" ON "CAOSNEWS"."WEBCAOSNEWS_NOTICIAS" ("UBICACION_ID") 
  PCTFREE 10 INITRANS 2 MAXTRANS 255 COMPUTE STATISTICS 
  STORAGE(INITIAL 65536 NEXT 1048576 MINEXTENTS 1 MAXEXTENTS 2147483645
  PCTINCREASE 0 FREELISTS 1 FREELIST GROUPS 1
  BUFFER_POOL DEFAULT FLASH_CACHE DEFAULT CELL_FLASH_CACHE DEFAULT)
  TABLESPACE "USERS" ;
--------------------------------------------------------
--  DDL for Index SYS_C009833
--------------------------------------------------------

  CREATE UNIQUE INDEX "CAOSNEWS"."SYS_C009833" ON "CAOSNEWS"."WEBCAOSNEWS_REGIONES" ("ID_REGION") 
  PCTFREE 10 INITRANS 2 MAXTRANS 255 COMPUTE STATISTICS 
  STORAGE(INITIAL 65536 NEXT 1048576 MINEXTENTS 1 MAXEXTENTS 2147483645
  PCTINCREASE 0 FREELISTS 1 FREELIST GROUPS 1
  BUFFER_POOL DEFAULT FLASH_CACHE DEFAULT CELL_FLASH_CACHE DEFAULT)
  TABLESPACE "USERS" ;
--------------------------------------------------------
--  DDL for Index SYS_C009843
--------------------------------------------------------

  CREATE UNIQUE INDEX "CAOSNEWS"."SYS_C009843" ON "CAOSNEWS"."WEBCAOSNEWS_IMAGENNOTICIA" ("ID") 
  PCTFREE 10 INITRANS 2 MAXTRANS 255 COMPUTE STATISTICS 
  STORAGE(INITIAL 65536 NEXT 1048576 MINEXTENTS 1 MAXEXTENTS 2147483645
  PCTINCREASE 0 FREELISTS 1 FREELIST GROUPS 1
  BUFFER_POOL DEFAULT FLASH_CACHE DEFAULT CELL_FLASH_CACHE DEFAULT)
  TABLESPACE "USERS" ;
--------------------------------------------------------
--  DDL for Index WEBCAOSNEW_NOTICIA_ID_43A61A03
--------------------------------------------------------

  CREATE INDEX "CAOSNEWS"."WEBCAOSNEW_NOTICIA_ID_43A61A03" ON "CAOSNEWS"."WEBCAOSNEWS_IMAGENNOTICIA" ("NOTICIA_ID") 
  PCTFREE 10 INITRANS 2 MAXTRANS 255 COMPUTE STATISTICS 
  STORAGE(INITIAL 65536 NEXT 1048576 MINEXTENTS 1 MAXEXTENTS 2147483645
  PCTINCREASE 0 FREELISTS 1 FREELIST GROUPS 1
  BUFFER_POOL DEFAULT FLASH_CACHE DEFAULT CELL_FLASH_CACHE DEFAULT)
  TABLESPACE "USERS" ;
--------------------------------------------------------
--  DDL for Index SYS_C009845
--------------------------------------------------------

  CREATE UNIQUE INDEX "CAOSNEWS"."SYS_C009845" ON "CAOSNEWS"."WEBCAOSNEWS_CONTACTO" ("ID") 
  PCTFREE 10 INITRANS 2 MAXTRANS 255 COMPUTE STATISTICS 
  TABLESPACE "USERS" ;
--------------------------------------------------------
--  DDL for Index SYS_C009831
--------------------------------------------------------

  CREATE UNIQUE INDEX "CAOSNEWS"."SYS_C009831" ON "CAOSNEWS"."WEBCAOSNEWS_CATEGORIA" ("ID") 
  PCTFREE 10 INITRANS 2 MAXTRANS 255 COMPUTE STATISTICS 
  STORAGE(INITIAL 65536 NEXT 1048576 MINEXTENTS 1 MAXEXTENTS 2147483645
  PCTINCREASE 0 FREELISTS 1 FREELIST GROUPS 1
  BUFFER_POOL DEFAULT FLASH_CACHE DEFAULT CELL_FLASH_CACHE DEFAULT)
  TABLESPACE "USERS" ;
--------------------------------------------------------
--  DDL for Index SYS_C009824
--------------------------------------------------------

  CREATE UNIQUE INDEX "CAOSNEWS"."SYS_C009824" ON "CAOSNEWS"."WEBCAOSNEWS_AREA" ("ID_AREA") 
  PCTFREE 10 INITRANS 2 MAXTRANS 255 COMPUTE STATISTICS 
  STORAGE(INITIAL 65536 NEXT 1048576 MINEXTENTS 1 MAXEXTENTS 2147483645
  PCTINCREASE 0 FREELISTS 1 FREELIST GROUPS 1
  BUFFER_POOL DEFAULT FLASH_CACHE DEFAULT CELL_FLASH_CACHE DEFAULT)
  TABLESPACE "USERS" ;
--------------------------------------------------------
--  DDL for Index AUTH_USER_USER_ID_G_94350C0C_U
--------------------------------------------------------

  CREATE UNIQUE INDEX "CAOSNEWS"."AUTH_USER_USER_ID_G_94350C0C_U" ON "CAOSNEWS"."AUTH_USER_GROUPS" ("USER_ID", "GROUP_ID") 
  PCTFREE 10 INITRANS 2 MAXTRANS 255 COMPUTE STATISTICS 
  STORAGE(INITIAL 65536 NEXT 1048576 MINEXTENTS 1 MAXEXTENTS 2147483645
  PCTINCREASE 0 FREELISTS 1 FREELIST GROUPS 1
  BUFFER_POOL DEFAULT FLASH_CACHE DEFAULT CELL_FLASH_CACHE DEFAULT)
  TABLESPACE "USERS" ;
--------------------------------------------------------
--  DDL for Index AUTH_USER__USER_ID_6A12ED8B
--------------------------------------------------------

  CREATE INDEX "CAOSNEWS"."AUTH_USER__USER_ID_6A12ED8B" ON "CAOSNEWS"."AUTH_USER_GROUPS" ("USER_ID") 
  PCTFREE 10 INITRANS 2 MAXTRANS 255 COMPUTE STATISTICS 
  STORAGE(INITIAL 65536 NEXT 1048576 MINEXTENTS 1 MAXEXTENTS 2147483645
  PCTINCREASE 0 FREELISTS 1 FREELIST GROUPS 1
  BUFFER_POOL DEFAULT FLASH_CACHE DEFAULT CELL_FLASH_CACHE DEFAULT)
  TABLESPACE "USERS" ;
--------------------------------------------------------
--  DDL for Index AUTH_USER__GROUP_ID_97559544
--------------------------------------------------------

  CREATE INDEX "CAOSNEWS"."AUTH_USER__GROUP_ID_97559544" ON "CAOSNEWS"."AUTH_USER_GROUPS" ("GROUP_ID") 
  PCTFREE 10 INITRANS 2 MAXTRANS 255 COMPUTE STATISTICS 
  STORAGE(INITIAL 65536 NEXT 1048576 MINEXTENTS 1 MAXEXTENTS 2147483645
  PCTINCREASE 0 FREELISTS 1 FREELIST GROUPS 1
  BUFFER_POOL DEFAULT FLASH_CACHE DEFAULT CELL_FLASH_CACHE DEFAULT)
  TABLESPACE "USERS" ;
--------------------------------------------------------
--  DDL for Index SYS_C009714
--------------------------------------------------------

  CREATE UNIQUE INDEX "CAOSNEWS"."SYS_C009714" ON "CAOSNEWS"."AUTH_USER_GROUPS" ("ID") 
  PCTFREE 10 INITRANS 2 MAXTRANS 255 COMPUTE STATISTICS 
  STORAGE(INITIAL 65536 NEXT 1048576 MINEXTENTS 1 MAXEXTENTS 2147483645
  PCTINCREASE 0 FREELISTS 1 FREELIST GROUPS 1
  BUFFER_POOL DEFAULT FLASH_CACHE DEFAULT CELL_FLASH_CACHE DEFAULT)
  TABLESPACE "USERS" ;
--------------------------------------------------------
--  Constraints for Table WEBCAOSNEWS_NOTICIAS
--------------------------------------------------------

  ALTER TABLE "CAOSNEWS"."WEBCAOSNEWS_NOTICIAS" MODIFY ("ID" NOT NULL ENABLE);
  ALTER TABLE "CAOSNEWS"."WEBCAOSNEWS_NOTICIAS" MODIFY ("CATEGORIA_ID" NOT NULL ENABLE);
  ALTER TABLE "CAOSNEWS"."WEBCAOSNEWS_NOTICIAS" MODIFY ("UBICACION_ID" NOT NULL ENABLE);
  ALTER TABLE "CAOSNEWS"."WEBCAOSNEWS_NOTICIAS" MODIFY ("FECHA" NOT NULL ENABLE);
  ALTER TABLE "CAOSNEWS"."WEBCAOSNEWS_NOTICIAS" MODIFY ("APROBADA" NOT NULL ENABLE);
  ALTER TABLE "CAOSNEWS"."WEBCAOSNEWS_NOTICIAS" ADD CHECK ("APROBADA" IN (0,1)) ENABLE;
  ALTER TABLE "CAOSNEWS"."WEBCAOSNEWS_NOTICIAS" ADD PRIMARY KEY ("ID")
  USING INDEX PCTFREE 10 INITRANS 2 MAXTRANS 255 COMPUTE STATISTICS 
  STORAGE(INITIAL 65536 NEXT 1048576 MINEXTENTS 1 MAXEXTENTS 2147483645
  PCTINCREASE 0 FREELISTS 1 FREELIST GROUPS 1
  BUFFER_POOL DEFAULT FLASH_CACHE DEFAULT CELL_FLASH_CACHE DEFAULT)
  TABLESPACE "USERS"  ENABLE;
--------------------------------------------------------
--  Constraints for Table WEBCAOSNEWS_REGIONES
--------------------------------------------------------

  ALTER TABLE "CAOSNEWS"."WEBCAOSNEWS_REGIONES" MODIFY ("ID_REGION" NOT NULL ENABLE);
  ALTER TABLE "CAOSNEWS"."WEBCAOSNEWS_REGIONES" ADD PRIMARY KEY ("ID_REGION")
  USING INDEX PCTFREE 10 INITRANS 2 MAXTRANS 255 COMPUTE STATISTICS 
  STORAGE(INITIAL 65536 NEXT 1048576 MINEXTENTS 1 MAXEXTENTS 2147483645
  PCTINCREASE 0 FREELISTS 1 FREELIST GROUPS 1
  BUFFER_POOL DEFAULT FLASH_CACHE DEFAULT CELL_FLASH_CACHE DEFAULT)
  TABLESPACE "USERS"  ENABLE;
--------------------------------------------------------
--  Constraints for Table WEBCAOSNEWS_IMAGENNOTICIA
--------------------------------------------------------

  ALTER TABLE "CAOSNEWS"."WEBCAOSNEWS_IMAGENNOTICIA" MODIFY ("ID" NOT NULL ENABLE);
  ALTER TABLE "CAOSNEWS"."WEBCAOSNEWS_IMAGENNOTICIA" MODIFY ("NOTICIA_ID" NOT NULL ENABLE);
  ALTER TABLE "CAOSNEWS"."WEBCAOSNEWS_IMAGENNOTICIA" ADD PRIMARY KEY ("ID")
  USING INDEX PCTFREE 10 INITRANS 2 MAXTRANS 255 COMPUTE STATISTICS 
  STORAGE(INITIAL 65536 NEXT 1048576 MINEXTENTS 1 MAXEXTENTS 2147483645
  PCTINCREASE 0 FREELISTS 1 FREELIST GROUPS 1
  BUFFER_POOL DEFAULT FLASH_CACHE DEFAULT CELL_FLASH_CACHE DEFAULT)
  TABLESPACE "USERS"  ENABLE;
--------------------------------------------------------
--  Constraints for Table WEBCAOSNEWS_CONTACTO
--------------------------------------------------------

  ALTER TABLE "CAOSNEWS"."WEBCAOSNEWS_CONTACTO" MODIFY ("ID" NOT NULL ENABLE);
  ALTER TABLE "CAOSNEWS"."WEBCAOSNEWS_CONTACTO" ADD PRIMARY KEY ("ID")
  USING INDEX PCTFREE 10 INITRANS 2 MAXTRANS 255 COMPUTE STATISTICS 
  TABLESPACE "USERS"  ENABLE;
--------------------------------------------------------
--  Constraints for Table WEBCAOSNEWS_CATEGORIA
--------------------------------------------------------

  ALTER TABLE "CAOSNEWS"."WEBCAOSNEWS_CATEGORIA" MODIFY ("ID" NOT NULL ENABLE);
  ALTER TABLE "CAOSNEWS"."WEBCAOSNEWS_CATEGORIA" ADD PRIMARY KEY ("ID")
  USING INDEX PCTFREE 10 INITRANS 2 MAXTRANS 255 COMPUTE STATISTICS 
  STORAGE(INITIAL 65536 NEXT 1048576 MINEXTENTS 1 MAXEXTENTS 2147483645
  PCTINCREASE 0 FREELISTS 1 FREELIST GROUPS 1
  BUFFER_POOL DEFAULT FLASH_CACHE DEFAULT CELL_FLASH_CACHE DEFAULT)
  TABLESPACE "USERS"  ENABLE;
--------------------------------------------------------
--  Constraints for Table WEBCAOSNEWS_AREA
--------------------------------------------------------

  ALTER TABLE "CAOSNEWS"."WEBCAOSNEWS_AREA" MODIFY ("ID_AREA" NOT NULL ENABLE);
  ALTER TABLE "CAOSNEWS"."WEBCAOSNEWS_AREA" ADD PRIMARY KEY ("ID_AREA")
  USING INDEX PCTFREE 10 INITRANS 2 MAXTRANS 255 COMPUTE STATISTICS 
  STORAGE(INITIAL 65536 NEXT 1048576 MINEXTENTS 1 MAXEXTENTS 2147483645
  PCTINCREASE 0 FREELISTS 1 FREELIST GROUPS 1
  BUFFER_POOL DEFAULT FLASH_CACHE DEFAULT CELL_FLASH_CACHE DEFAULT)
  TABLESPACE "USERS"  ENABLE;
--------------------------------------------------------
--  Constraints for Table AUTH_USER_GROUPS
--------------------------------------------------------

  ALTER TABLE "CAOSNEWS"."AUTH_USER_GROUPS" MODIFY ("ID" NOT NULL ENABLE);
  ALTER TABLE "CAOSNEWS"."AUTH_USER_GROUPS" MODIFY ("USER_ID" NOT NULL ENABLE);
  ALTER TABLE "CAOSNEWS"."AUTH_USER_GROUPS" MODIFY ("GROUP_ID" NOT NULL ENABLE);
  ALTER TABLE "CAOSNEWS"."AUTH_USER_GROUPS" ADD PRIMARY KEY ("ID")
  USING INDEX PCTFREE 10 INITRANS 2 MAXTRANS 255 COMPUTE STATISTICS 
  STORAGE(INITIAL 65536 NEXT 1048576 MINEXTENTS 1 MAXEXTENTS 2147483645
  PCTINCREASE 0 FREELISTS 1 FREELIST GROUPS 1
  BUFFER_POOL DEFAULT FLASH_CACHE DEFAULT CELL_FLASH_CACHE DEFAULT)
  TABLESPACE "USERS"  ENABLE;
  ALTER TABLE "CAOSNEWS"."AUTH_USER_GROUPS" ADD CONSTRAINT "AUTH_USER_USER_ID_G_94350C0C_U" UNIQUE ("USER_ID", "GROUP_ID")
  USING INDEX PCTFREE 10 INITRANS 2 MAXTRANS 255 COMPUTE STATISTICS 
  STORAGE(INITIAL 65536 NEXT 1048576 MINEXTENTS 1 MAXEXTENTS 2147483645
  PCTINCREASE 0 FREELISTS 1 FREELIST GROUPS 1
  BUFFER_POOL DEFAULT FLASH_CACHE DEFAULT CELL_FLASH_CACHE DEFAULT)
  TABLESPACE "USERS"  ENABLE;
--------------------------------------------------------
--  Ref Constraints for Table WEBCAOSNEWS_NOTICIAS
--------------------------------------------------------

  ALTER TABLE "CAOSNEWS"."WEBCAOSNEWS_NOTICIAS" ADD CONSTRAINT "WEBCAOSNE_CATEGORIA_D2732284_F" FOREIGN KEY ("CATEGORIA_ID")
	  REFERENCES "CAOSNEWS"."WEBCAOSNEWS_CATEGORIA" ("ID") DEFERRABLE INITIALLY DEFERRED ENABLE;
  ALTER TABLE "CAOSNEWS"."WEBCAOSNEWS_NOTICIAS" ADD CONSTRAINT "WEBCAOSNE_UBICACION_3BD79CD0_F" FOREIGN KEY ("UBICACION_ID")
	  REFERENCES "CAOSNEWS"."WEBCAOSNEWS_REGIONES" ("ID_REGION") DEFERRABLE INITIALLY DEFERRED ENABLE;
--------------------------------------------------------
--  Ref Constraints for Table WEBCAOSNEWS_IMAGENNOTICIA
--------------------------------------------------------

  ALTER TABLE "CAOSNEWS"."WEBCAOSNEWS_IMAGENNOTICIA" ADD CONSTRAINT "WEBCAOSNE_NOTICIA_I_43A61A03_F" FOREIGN KEY ("NOTICIA_ID")
	  REFERENCES "CAOSNEWS"."WEBCAOSNEWS_NOTICIAS" ("ID") DEFERRABLE INITIALLY DEFERRED ENABLE;
--------------------------------------------------------
--  Ref Constraints for Table AUTH_USER_GROUPS
--------------------------------------------------------

  ALTER TABLE "CAOSNEWS"."AUTH_USER_GROUPS" ADD CONSTRAINT "AUTH_USER_USER_ID_6A12ED8B_F" FOREIGN KEY ("USER_ID")
	  REFERENCES "CAOSNEWS"."AUTH_USER" ("ID") DEFERRABLE INITIALLY DEFERRED ENABLE;
  ALTER TABLE "CAOSNEWS"."AUTH_USER_GROUPS" ADD CONSTRAINT "AUTH_USER_GROUP_ID_97559544_F" FOREIGN KEY ("GROUP_ID")
	  REFERENCES "CAOSNEWS"."AUTH_GROUP" ("ID") DEFERRABLE INITIALLY DEFERRED ENABLE;
